format	fm-lint-roots-v1
meta	shellcheck_version	0.11.0
meta	platform	Linux x86_64
meta	image_os	unknown
meta	image_version	unknown
meta	mode	full
meta	partition	all
meta	jobs	1
meta	bounds_enforced	1
meta	root_deadline_seconds	1200
meta	root_kill_grace_seconds	5
meta	root_memory_limit_kib	20000
meta	timing_mechanism	perl
begin	1	bin/fm-marker-lib.sh	0	full	1790771738762
end	1	bin/fm-marker-lib.sh	0	full	1790771738762	1790771738830	68	254	signal:126	768
meta	roots_begun	1
meta	roots_completed	1
meta	roots_unfinished	0
meta	result_exit	254
