format	fm-lint-telemetry-v1
git_head	8cd73117d135b023f64b8d9471df5bcd7f2158b4
content_cksum	1023495858-104
shellcheck_version	0.11.0
analysis_mode	full
partition	all
jobs	2
root_bounds_enforced	0
root_deadline_seconds	unbounded
root_kill_grace_seconds	unbounded
root_memory_limit_kib	unbounded
root_timing_mechanism	none
root_count	3
direct_lines	67
direct_bytes	2378
source_directives	1
source_boundary_directives	0
source_followed_directives	1
source_target_count	1
shard_1_weight_bytes	1208
shard_2_weight_bytes	1170
wall_seconds	0
worker_wall_sum_seconds	0.27
max_worker_wall_seconds	0.24
user_seconds	0.22
system_seconds	0.04
max_worker_rss_kib	52352
worker_rss_sum_kib	66048
shellcheck_processes_start	0
shellcheck_processes_end	0
load_average_start	2.28/1.83/2.14
load_average_end	2.28/1.83/2.14
aggregate_cpu_percent_start	115.80
aggregate_cpu_percent_end	110.00
result_exit	0
